Date,Open,High,Low,Close
2012-01-04,2211.995117,2217.52002,2168.644043,2169.389893
2012-01-05,2160.896973,2183.404053,2145.555908,2148.451904
2012-01-06,2148.146973,2164.322021,2132.625977,2163.39502
2012-01-09,2164.740967,2226.218018,2148.452881,2225.889893
2012-01-10,2221.832031,2288.62793,2218.274902,2285.743896
2012-01-11,2282.913086,2290.644043,2265.185059,2276.045898
2012-01-12,2268.739014,2295.224121,2265.256104,2275.01001
2012-01-13,2277.080078,2281.531982,2225.736084,2244.580078
2012-01-16,2230.433105,2241.259033,2206.044922,2206.193115
2012-01-17,2206.531006,2298.375,2196.115967,2298.375
2012-01-18,2298.833008,2311.579102,2257.897949,2266.384033
2012-01-19,2266.075928,2305.707031,2259.336914,2296.074951
2012-01-20,2300.5,2322.891113,2293.893066,2319.11792
2012-01-30,2324.49292,2324.49292,2284.291016,2285.038086
2012-01-31,2285.954102,2296.38501,2277.055908,2292.610107
2012-02-01,2288.065918,2305.863037,2263.342041,2268.080078
2012-02-02,2273.850098,2312.555908,2268.687012,2312.555908
2012-02-03,2306.656006,2336.26709,2300.981934,2330.405029
2012-02-06,2334.248047,2341.574951,2317.422119,2331.135986
2012-02-07,2319.420898,2319.708008,2278.824951,2291.9021
2012-02-08,2291.812012,2350.965088,2286.819092,2347.530029
2012-02-09,2344.224121,2363.613037,2333.935059,2349.589111
2012-02-10,2342.010986,2368.979004,2339.88501,2351.980957
2012-02-13,2332.054932,2365.339111,2325.028076,2351.854004
2012-02-14,2348.876953,2352.468994,2332.24707,2344.770996
2012-02-15,2340.455078,2374.281982,2335.101074,2366.701904
2012-02-16,2363.896973,2373.803955,2342.072998,2356.860107
2012-02-17,2366.629883,2372.511963,2344.76001,2357.180908
2012-02-20,2383.686035,2388.009033,2362.011963,2363.596924
2012-02-21,2365.487061,2382.145996,2345.052979,2381.429932
2012-02-22,2380.50293,2404.441895,2374.030029,2403.586914
2012-02-23,2401.738037,2416.803955,2396.709961,2409.553955
2012-02-24,2410.881104,2439.977051,2405.273926,2439.626953
2012-02-27,2447.406006,2478.375,2444.628906,2447.056885
2012-02-28,2440.914063,2458.650879,2431.827881,2451.856934
2012-02-29,2446.228027,2453.065918,2426.329102,2428.487061
2012-03-01,2418.788086,2437.874023,2418.333984,2426.11499
2012-03-02,2430.096924,2461.121094,2430.096924,2460.693115
2012-03-05,2464.849121,2469.841064,2442.11499,2445.001953
2012-03-06,2439.779053,2442.000977,2406.055908,2410.445068
2012-03-07,2391.201904,2413.695068,2388.519043,2394.793945
2012-03-08,2401.102051,2426.697998,2401.102051,2420.275879
2012-03-09,2425.88501,2440.510986,2414.966064,2439.461914
2012-03-12,2438.545898,2440.856934,2420.840088,2434.85791
2012-03-13,2432.843018,2457.219971,2428.608887,2455.793945
2012-03-14,2464.915039,2476.216064,2382.835938,2391.22998
2012-03-15,2388.062988,2403.741943,2366.023926,2373.773926
2012-03-16,2377.75708,2406.147949,2368.311035,2404.736084
2012-03-19,2401.217041,2412.335938,2383.674072,2410.184082
2012-03-20,2407.541992,2407.541992,2376.031006,2376.839111
2012-03-21,2384.708984,2396.721924,2361.221924,2378.195068
2012-03-22,2376.990967,2386.0979,2364.128906,2375.771973
2012-03-23,2369.076904,2371.261963,2342.118896,2349.539063
2012-03-26,2349.085938,2357.996094,2339.139893,2350.599121
2012-03-27,2358.544922,2363.766113,2344.303955,2347.178955
2012-03-28,2341.00293,2341.419922,2281.433105,2284.881104
2012-03-29,2276.73999,2280.958008,2242.344971,2252.159912
2012-03-30,2256.041992,2266.208008,2246.245117,2262.788086
2012-04-05,2258.031006,2303.823975,2251.393066,2302.240967
2012-04-06,2299.053955,2309.638916,2291.559082,2306.552002
2012-04-09,2300.051025,2304.649902,2284.441895,2285.7771
2012-04-10,2281.023926,2306.386963,2258.853027,2305.863037
2012-04-11,2286.716064,2319.052979,2280.034912,2308.925049
2012-04-12,2310.483887,2351.054932,2307.841064,2350.864014
2012-04-13,2351.512939,2369.700928,2346.944092,2359.160889
2012-04-16,2346.306885,2364.111084,2342.198975,2357.025879
2012-04-17,2355.368896,2363.012939,2333.341064,2334.985107
2012-04-18,2341.13501,2383.639893,2337.855957,2380.8479
2012-04-19,2378.63208,2386.978027,2369.458008,2378.634033
2012-04-20,2374.662109,2407.293945,2372.129883,2406.863037
2012-04-23,2403.520996,2411.51001,2383.068115,2388.587891
2012-04-24,2380.236084,2415.75,2350.398926,2388.833984
2012-04-25,2382.210938,2411.420898,2376.625,2406.812988
2012-04-26,2408.558105,2414.75293,2393.264893,2404.697021
2012-04-27,2402.430908,2408.419922,2393.866943,2396.315918
2012-05-02,2421.082031,2446.350098,2407.788086,2438.436035
2012-05-03,2433.589111,2441.952881,2427.728027,2440.080078
2012-05-04,2437.465088,2453.730957,2427.968994,2452.013916
2012-05-07,2441.75708,2451.947021,2432.736084,2451.947021
2012-05-08,2451.574951,2451.5979,2431.024902,2448.884033
2012-05-09,2432.471924,2432.471924,2407.509033,2408.585938
2012-05-10,2409.945068,2419.121094,2402.204102,2410.229004
2012-05-11,2406.073975,2415.977051,2393.37793,2394.981934
2012-05-14,2408.261963,2411.270996,2377.98291,2380.725098
2012-05-15,2367.083008,2376.593994,2354.614014,2374.843018
2012-05-16,2369.293945,2372.031982,2344.5,2346.191895
2012-05-17,2347.177002,2383.305908,2342.352051,2378.885986
2012-05-18,2364.898926,2369.5979,2338.240967,2344.520996
2012-05-21,2343.574951,2360.385986,2330.324951,2348.300049
2012-05-22,2355.731934,2374.055908,2354.86792,2373.305908
2012-05-23,2369.264893,2378.076904,2350.548096,2363.437012
2012-05-24,2359.681885,2373.056885,2344.580078,2350.9729
2012-05-25,2350.541016,2355.808105,2327.407959,2333.552979
2012-05-28,2325.316895,2361.743896,2309.072021,2361.366943
2012-05-29,2361.00293,2393.279053,2358.374023,2389.635986
2012-05-30,2385.39209,2391.690918,2378.133057,2384.667969
2012-05-31,2370.00708,2382.989014,2362.312988,2372.233887
2012-06-01,2373.224121,2388.085938,2365.441895,2373.436035
2012-06-04,2346.983887,2348.198975,2308.229004,2308.550049
2012-06-05,2313.73999,2323.298096,2304.045898,2311.916016
2012-06-06,2315.561035,2323.113037,2301.034912,2309.554932
2012-06-07,2324.672119,2328.672119,2288.665039,2293.129883
2012-06-08,2306.218994,2306.88208,2276.714111,2281.447021
2012-06-11,2282.891113,2311.771973,2278.163086,2305.855957
2012-06-12,2295.070068,2298.948975,2280.950928,2289.791016
2012-06-13,2289.707031,2319.714111,2284.649902,2318.924072
2012-06-14,2306.781006,2314.584961,2293.063965,2295.946045
2012-06-15,2299.781006,2314.241943,2283.399902,2306.850098
2012-06-18,2313.530029,2325.052002,2309.708984,2316.052002
2012-06-19,2313.455078,2313.455078,2298.394043,2300.794922
2012-06-20,2300.406006,2304.458008,2291.541016,2292.876953
2012-06-21,2288.454102,2288.454102,2253.789063,2260.876953
2012-06-25,2253.513916,2253.513916,2223.053955,2224.114014
2012-06-26,2214.648926,2229.23999,2203.944092,2222.066895
2012-06-27,2219.944092,2233.542969,2213.322998,2216.934082
2012-06-28,2220.236084,2224.155029,2195.35498,2195.843018
2012-06-29,2190.574951,2226.485107,2188.716064,2225.429932
2012-07-02,2234.320068,2234.873047,2215.35791,2226.110107
2012-07-03,2225.566895,2244.832031,2219.050049,2229.191895
2012-07-04,2233.334961,2239.27002,2219.447998,2227.314941
2012-07-05,2218.216064,2218.216064,2192.647949,2201.353027
2012-07-06,2203.72998,2227.4729,2185.521973,2223.579102
2012-07-09,2210.714111,2216.697021,2168.60791,2170.813965
2012-07-10,2166.947021,2178.195068,2156.726074,2164.437988
2012-07-11,2160.02002,2176.490967,2156.595947,2175.383057
2012-07-12,2172.063965,2197.043945,2152.675049,2185.490967
2012-07-13,2180.172119,2198.660889,2177.924072,2185.89502
2012-07-16,2187.886963,2188.062988,2146.154053,2147.955078
2012-07-17,2142.429932,2165.334961,2141.480957,2161.186035
2012-07-18,2159.856934,2170.295898,2138.791992,2169.099121
2012-07-19,2164.273926,2197.790039,2159.943115,2184.841064
2012-07-20,2180.011963,2185.73291,2162.062988,2168.637939
2012-07-23,2154.170898,2154.170898,2135.562988,2141.4021
2012-07-24,2132.316895,2158.947998,2131.012939,2146.587891
2012-07-25,2141.035889,2151.449951,2132.833008,2136.150879
2012-07-26,2134.987061,2147.664063,2124.155029,2126.003906
2012-07-27,2132.009033,2139.154053,2120.629883,2128.764893
2012-07-30,2128.158936,2137.736084,2107.634033,2109.914063
2012-07-31,2109.324951,2116.904053,2100.251953,2103.63501
2012-08-01,2101.7229,2130.711914,2101.708008,2123.360107
2012-08-02,2120.145996,2126.459961,2103.495117,2111.181885
2012-08-03,2113.964111,2133.266113,2108.330078,2132.795898
2012-08-06,2129.147949,2158.680908,2127.262939,2154.916016
2012-08-07,2153.093018,2159.683105,2148.896973,2157.620117
2012-08-08,2158.981934,2168.733887,2153.02002,2160.98999
2012-08-09,2159.434082,2175.544922,2148.694092,2174.102051
2012-08-10,2172.964111,2176.794922,2165.283936,2168.813965
2012-08-13,2164.042969,2164.042969,2134.553955,2136.077881
2012-08-14,2137.047119,2144.006104,2119.25293,2142.523926
2012-08-15,2138.278076,2139.14209,2118.50293,2118.945068
2012-08-16,2116.080078,2122.683105,2109.657959,2112.197021
2012-08-17,2111.653076,2120.714111,2100.787109,2114.891113
2012-08-20,2102.230957,2110.780029,2089.018066,2106.957031
2012-08-21,2106.381104,2124.195068,2103.071045,2118.268066
2012-08-22,2118.881104,2121.148926,2097.60498,2107.710938
2012-08-23,2106.959961,2118.736084,2097.083008,2113.072021
2012-08-24,2108.360107,2109.822021,2089.217041,2092.104004
2012-08-27,2085.373047,2085.373047,2055.375977,2055.708008
2012-08-28,2054.967041,2083.956055,2052.491943,2073.154053
2012-08-29,2066.820068,2073.948975,2051.773926,2053.235107
2012-08-30,2044.032959,2060.185059,2032.536987,2052.584961
2012-08-31,2046.28894,2059.302002,2044.650024,2047.521973
2012-09-03,2044.823975,2066.780029,2041.161011,2059.146973
2012-09-04,2060.613037,2063.816895,2039.265991,2043.649048
2012-09-05,2038.873047,2048.319092,2029.052979,2037.68103
2012-09-06,2040.667969,2052.949951,2036.365967,2051.917969
2012-09-07,2062.98999,2145.00293,2062.98999,2127.761963
2012-09-10,2128.064941,2140.167969,2120.486084,2134.893066
2012-09-11,2127.519043,2127.519043,2107.218994,2120.553955
2012-09-12,2129.687012,2137.889893,2109.136963,2126.553955
2012-09-13,2123.840088,2130.079102,2109.996094,2110.378906
2012-09-14,2127.388916,2136.226074,2111.120117,2123.846924
2012-09-17,2120.616943,2121.583008,2077.483887,2078.5
2012-09-18,2069.343018,2074.761963,2053.662109,2059.542969
2012-09-19,2061.061035,2069.949951,2055.197998,2067.831055
2012-09-20,2060.305908,2060.305908,2023.084961,2024.837036
2012-09-21,2020.553955,2041.947998,2018.262939,2026.689941
2012-09-24,2015.766968,2040.849976,2005.262939,2033.192017
2012-09-25,2028.631958,2039.095947,2021.80896,2029.292969
2012-09-26,2027.85498,2033.036011,1999.484009,2004.171997
2012-09-27,2003.098999,2068.071045,2002.323975,2056.322998
2012-09-28,2042.885986,2089.633057,2040.349976,2086.168945
2012-10-08,2084.849121,2096.259033,2063.089111,2074.418945
2012-10-09,2081.587891,2119.335938,2081.587891,2115.229004
2012-10-10,2111.586914,2121.991943,2102.534912,2119.941895
2012-10-11,2114.231934,2117.839111,2101.139893,2102.86792
2012-10-12,2109.070068,2127.306885,2092.510986,2104.931885
2012-10-15,2105.023926,2107.198975,2085.11499,2098.702881
2012-10-16,2097.050049,2111.780029,2089.695068,2098.808105
2012-10-17,2104.280029,2113.162109,2088.043945,2105.61792
2012-10-18,2108.498047,2137.686035,2107.491943,2131.687988
2012-10-19,2129.820068,2136.868896,2125.736084,2128.302002
2012-10-22,2118.520996,2138.0271,2112.751953,2132.758057
2012-10-23,2132.10791,2136.218018,2111.923096,2114.447021
2012-10-24,2106.830078,2123.998047,2104.669922,2115.98999
2012-10-25,2114.763916,2128.73999,2100.608887,2101.580078
2012-10-26,2100.100098,2102.162109,2058.062988,2066.208984
2012-10-29,2061.846924,2068.237061,2053.092041,2058.943115
2012-10-30,2059.201904,2075.905029,2054.263916,2062.346924
2012-10-31,2061.124023,2070.479004,2053.583008,2068.879883
2012-11-01,2070.02002,2109.496094,2069.947998,2104.427002
2012-11-02,2105.448975,2119.224121,2096.531006,2117.045898
2012-11-05,2113.327881,2123.326904,2104.583008,2114.0271
2012-11-06,2113.657959,2114.791016,2078.471924,2105.999023
2012-11-07,2102.418945,2112.631104,2093.289063,2105.72998
2012-11-08,2091.253906,2092.564941,2070.648926,2071.509033
2012-11-09,2066.495117,2077.228027,2062.416992,2069.066895
2012-11-12,2069.214111,2079.571045,2061.840088,2079.272949
2012-11-13,2078.133057,2078.133057,2044.036011,2047.889038
2012-11-14,2047.256958,2056.488037,2040.171997,2055.418945
2012-11-15,2045.456055,2053.560059,2029.874023,2030.290039
2012-11-16,2026.562988,2028.686035,2001.714966,2014.724976
2012-11-19,2013.245972,2018.380005,1995.720947,2016.982056
2012-11-20,2020.432983,2023.610962,2004.170044,2008.922974
2012-11-21,2008.21106,2031.149048,1995.17395,2030.31897
2012-11-22,2021.208984,2023.084961,2009.719971,2015.610962
2012-11-23,2020.015015,2034.884033,2017.004028,2027.384033
2012-11-26,2023.338989,2027.274048,2014.029053,2017.463989
2012-11-27,2012.074951,2014.209961,1990.33606,1991.165039
2012-11-28,1984.47998,1984.863037,1968.213013,1973.522949
2012-11-29,1972.925049,1980.55603,1961.822021,1963.488037
2012-11-30,1961.814941,1983.418945,1959.333984,1980.116943
2012-12-03,1977.254028,1988.19104,1957.884033,1959.766968
2012-12-04,1956.615967,1980.119019,1949.457031,1975.142944
2012-12-05,1973.107056,2040.604004,1970.202026,2031.906982
2012-12-06,2029.562012,2036.609009,2018.379028,2029.237061
2012-12-07,2028.765991,2065.743896,2023.96106,2061.785889
2012-12-10,2067.323975,2087.00708,2064.61499,2083.77002
2012-12-11,2077.556885,2088.63501,2070.191895,2074.704102
2012-12-12,2073.270996,2085.934082,2066.391113,2082.726074
2012-12-13,2077.416992,2081.363037,2059.471924,2061.476074
2012-12-14,2062.688965,2152.496094,2062.541992,2150.625
2012-12-17,2152.096924,2169.570068,2151.936035,2160.342041
2012-12-18,2155.85791,2183.712891,2144.73291,2162.464111
2012-12-19,2158.669922,2175.39502,2154.287109,2162.239014
2012-12-20,2156.193115,2174.819092,2142.950928,2168.353027
2012-12-21,2169.570068,2190.397949,2148.169922,2153.310059
2012-12-24,2150.654053,2170.394043,2149.823975,2159.052979
2012-12-25,2154.320068,2220.262939,2146.862061,2213.611084
2012-12-26,2211.593994,2220.475098,2206.787109,2219.13208
2012-12-27,2223.655029,2234.724121,2204.790039,2205.896973
2012-12-28,2207.913086,2234.868896,2204.00293,2233.251953
2012-12-31,2236.460938,2269.511963,2236.460938,2269.12793
2013-01-04,2289.51001,2296.113037,2256.560059,2276.991943
2013-01-07,2271.663086,2293.316895,2266.862061,2285.364014
2013-01-08,2284.654053,2289.138916,2262.979004,2276.070068
2013-01-09,2271.299072,2283.895996,2259.051025,2275.340088
2013-01-10,2274.376953,2295.483887,2268.647949,2283.656982
2013-01-11,2285.185059,2290.205078,2234.947021,2242.99707
2013-01-14,2236.288086,2317.616943,2235.106934,2311.73999
2013-01-15,2312.468018,2332.782959,2309.322998,2325.681885
2013-01-16,2322.157959,2326.763916,2279.50708,2309.499023
2013-01-17,2305.139893,2305.602051,2275.876953,2284.908936
2013-01-18,2295.809082,2324.509033,2285.971924,2317.070068
2013-01-21,2321.48999,2329.581055,2305.099121,2328.220947
2013-01-22,2326.48999,2335.805908,2301.301025,2315.138916
2013-01-23,2308.520996,2325.11792,2296.490967,2320.910889
2013-01-24,2320.258057,2362.943115,2287.295898,2302.5979
2013-01-25,2300.000977,2308.379883,2288.261963,2291.303955
2013-01-28,2295.352051,2346.920898,2295.352051,2346.504883
2013-01-29,2347.215088,2363.797119,2337.353027,2358.977051
2013-01-30,2360.748047,2383.762939,2347.889893,2382.475098
2013-01-31,2383.426025,2391.821045,2371.226074,2385.422119
2013-02-01,2377.414063,2421.154053,2369.570068,2419.02002
2013-02-04,2425.920898,2440.375977,2417.584961,2428.154053
2013-02-05,2411.000977,2437.415039,2403.302002,2433.129883
2013-02-06,2432.677002,2441.726074,2427.698975,2434.477051
2013-02-07,2430.687988,2433.893066,2394.218018,2418.530029
2013-02-08,2416.618896,2443.031982,2414.396973,2432.4021
2013-02-18,2441.906006,2444.803955,2415.428955,2421.558105
2013-02-19,2420.264893,2427.074951,2373.534912,2382.914063
2013-02-20,2383.49292,2397.940918,2370.60791,2397.177979
2013-02-21,2378.822021,2378.822021,2309.170898,2325.950928
2013-02-22,2322.939941,2330.878906,2308.76001,2314.164063
2013-02-25,2320.61792,2338.780029,2315.011963,2325.819092
2013-02-26,2313.73999,2340.708008,2289.885986,2293.341064
2013-02-27,2297.76709,2324.626953,2292.033936,2313.219971
2013-02-28,2322.322998,2366.164063,2308.916016,2365.593018
2013-03-01,2364.543945,2369.648926,2330.85791,2359.506104
2013-03-04,2332.080078,2333.540039,2259.24707,2273.404053
2013-03-05,2274.808105,2328.143066,2270.100098,2326.305908
2013-03-06,2333.61499,2351.440918,2321.600098,2347.178955
2013-03-07,2340.436035,2352.020996,2304.27002,2324.292969
2013-03-08,2326.416992,2333.666992,2314.586914,2318.611084
2013-03-11,2314.683105,2320.959961,2296.583008,2310.593018
2013-03-12,2309.157959,2333.285889,2264.829102,2286.60498
2013-03-13,2282.169922,2286.329102,2253.249023,2263.968018
2013-03-14,2255.774902,2276.220947,2253.310059,2270.2771
2013-03-15,2269.314941,2312.077881,2250.004883,2278.400879
2013-03-18,2267.287109,2276.050049,2239.214111,2240.016113
2013-03-19,2244.264893,2261.313965,2232.022949,2257.434082
2013-03-20,2257.737061,2317.860107,2257.419922,2317.375
2013-03-21,2318.205078,2330.812988,2311.603027,2324.241943
2013-03-22,2321.403076,2331.995117,2314.967041,2328.278076
2013-03-25,2334.735107,2344.894043,2319.907959,2326.715088
2013-03-26,2318.577881,2319.988037,2281.11792,2297.668945
2013-03-27,2299.376953,2323.477051,2288.995117,2301.26001
2013-03-28,2273.552002,2273.552002,2232.906006,2236.302002
2013-03-29,2238.485107,2246.86792,2228.812988,2236.621094
2013-04-01,2229.459961,2243.947998,2227.313965,2234.39502
2013-04-02,2234.900879,2253.420898,2220.438965,2227.73999
2013-04-03,2232.694092,2241.340088,2217.251953,2225.294922
2013-04-08,2196.238037,2212.585938,2180.673096,2211.592041
2013-04-09,2215.467041,2234.725098,2215.467041,2225.773926
2013-04-10,2224.934082,2233.040039,2212.561035,2226.125977
2013-04-11,2236.98291,2242.479004,2217.264893,2219.552979
2013-04-12,2218.093994,2226.261963,2204.437988,2206.780029
2013-04-15,2199.914063,2204.987061,2177.387939,2181.940918
2013-04-16,2169.629883,2196.431885,2165.783936,2194.844971
2013-04-17,2195.031982,2197.508057,2178.468994,2193.795898
2013-04-18,2181.822021,2206.0271,2175.444092,2197.602051
2013-04-19,2201.12207,2250.110107,2200.583008,2244.643066
2013-04-22,2236.4021,2245.118896,2232.258057,2242.168945
2013-04-23,2242.615967,2242.615967,2182.805908,2184.538086
2013-04-24,2187.349121,2226.115967,2184.108887,2218.318115
2013-04-25,2213.185059,2224.629883,2191.8479,2199.306885
2013-04-26,2203.888916,2210.581055,2173.864014,2177.912109
2013-05-02,2170.782959,2179.646973,2161.139893,2174.123047
2013-05-03,2179.049072,2222.811035,2179.049072,2205.49707
2013-05-06,2212.495117,2236.065918,2212.495117,2231.166016
2013-05-07,2227.861084,2240.256104,2219.435059,2235.574951
2013-05-08,2242.393066,2255.208008,2235.416992,2246.300049
2013-05-09,2246.962891,2247.864014,2221.384033,2232.970947
2013-05-10,2228.819092,2247.674072,2225.812012,2246.831055
2013-05-13,2247.677979,2250.854004,2231.363037,2241.919922
2013-05-14,2238.904053,2239.926025,2205.873047,2217.01001
2013-05-15,2217.085938,2225.186035,2213.582031,2224.797119
2013-05-16,2221.336914,2252.87207,2210.77002,2251.804932
2013-05-17,2249.811035,2288.091064,2248.413086,2282.870117
2013-05-20,2286.327881,2309.39209,2281.898926,2299.986084
2013-05-21,2297.110107,2305.301025,2290.124023,2305.114014
2013-05-22,2303.75,2314.183105,2292.430908,2302.403076
2013-05-23,2293.809082,2304.952881,2274.102051,2275.666992
2013-05-24,2281.445068,2292.594971,2270.25,2288.531982
2013-05-27,2286.660889,2301.701904,2283.935059,2293.076904
2013-05-28,2293.399902,2322.099121,2281.468018,2321.318115
2013-05-29,2323.539063,2334.334961,2321.166016,2324.01709
2013-05-30,2316.25293,2325.720947,2310.491943,2317.749023
2013-05-31,2320.739014,2325.533936,2299.368896,2300.594971
2013-06-03,2300.208984,2313.425049,2294.113037,2299.251953
2013-06-04,2297.100098,2297.100098,2264.760986,2272.416992
2013-06-05,2270.711914,2276.86499,2260.871094,2270.929932
2013-06-06,2264.425049,2266.691895,2240.070068,2242.110107
2013-06-07,2242.262939,2250.628906,2205.065918,2210.897949
2013-06-13,2190.101074,2190.101074,2126.216064,2148.35498
2013-06-14,2150.060059,2163.845947,2142.780029,2162.041016
2013-06-17,2165.993896,2169.355957,2147.029053,2156.215088
2013-06-18,2158.545898,2161.680908,2138.346924,2159.291016
2013-06-19,2150.815918,2150.815918,2115.791992,2143.454102
2013-06-20,2132.812988,2132.812988,2082.824951,2084.020996
2013-06-21,2058.979004,2085.860107,2042.879028,2073.094971
2013-06-24,2068.862061,2068.862061,1958.401001,1963.234985
2013-06-25,1948.314941,1963.56604,1849.652954,1959.508057
2013-06-26,1954.473999,1959.157959,1922.823975,1951.494995
2013-06-27,1955.125977,1980.540039,1942.370972,1950.011963
2013-06-28,1935.515991,1987.984009,1925.651001,1979.206055
2013-07-01,1965.987061,1995.916016,1957.571045,1995.241943
2013-07-02,1992.890015,2007.619995,1978.427979,2006.560059
2013-07-03,1996.505981,1996.536987,1965.519043,1994.267944
2013-07-04,1982.869995,2022.135986,1974.103027,2006.098022
2013-07-05,2006.19104,2021.541016,2002.366943,2007.198975
2013-07-08,1983.213989,1983.213989,1953.120972,1958.272949
2013-07-09,1953.602051,1969.149048,1946.365967,1965.453979
2013-07-10,1962.839966,2009.359985,1960.276978,2008.125977
2013-07-11,2011.02002,2092.86792,2010.400024,2072.990967
2013-07-12,2068.043945,2074.856934,2036.050049,2039.485962
2013-07-15,2046.119019,2076.665039,2037.248047,2059.389893
2013-07-16,2054.600098,2066.363037,2038.535034,2065.719971
2013-07-17,2061.186035,2075.812988,2043.230957,2044.921997
2013-07-18,2038.400024,2043.371948,2016.899048,2023.395996
2013-07-19,2025.317017,2035.219971,1990.253052,1992.647949
2013-07-22,1977.733032,2005.473999,1970.639038,2004.761963
2013-07-23,2008.954956,2051.525879,2005.092041,2043.875977
2013-07-24,2035.69104,2042.772949,2010.42395,2033.328979
2013-07-25,2037.33606,2045.36499,2016.43103,2021.17395
2013-07-26,2013.189941,2021.573975,2000.796997,2010.849976
2013-07-29,1997.838013,1997.838013,1969.853027,1976.30603
2013-07-30,1981.452026,2006.232056,1965.360962,1990.063965
2013-07-31,2000.793945,2015.472046,1987.880005,1993.79895
2013-08-01,2000.817993,2029.927979,1997.057983,2029.067017
2013-08-02,2039.514038,2047.083984,2025.654053,2029.417969
2013-08-05,2031.723999,2050.910889,2025.225952,2050.480957
2013-08-06,2043.652954,2066.73999,2034.957031,2060.5
2013-08-07,2056.366943,2069.561035,2043.75,2046.777954
2013-08-08,2044.436035,2058.561035,2037.250977,2044.89502
2013-08-09,2052.243896,2061.708008,2030.126953,2052.235107
2013-08-12,2058.416016,2102.346924,2055.715088,2101.282959
2013-08-13,2101.323975,2106.395996,2093.795898,2106.156006
2013-08-14,2109.225098,2122.965088,2093.042969,2100.136963
2013-08-15,2099.279053,2108.405029,2079.968994,2081.879883
2013-08-16,2075.98291,2198.8479,2061.654053,2068.451904
2013-08-19,2055.12793,2091.13208,2052.702881,2085.602051
2013-08-20,2081.965088,2098.97998,2066.072021,2072.594971
2013-08-21,2076.270996,2076.316895,2056.913086,2072.960938
2013-08-22,2069.312988,2083.333008,2062.366943,2067.124023
2013-08-23,2075.928955,2079.845947,2029.36499,2057.458008
2013-08-26,2061.416992,2097.343018,2056.133057,2096.474121
2013-08-27,2095.439941,2105.375,2090.425049,2103.565918
2013-08-28,2092.311035,2113.815918,2080.861084,2101.301025
2013-08-29,2108.436035,2110.894043,2088.236084,2097.227051
2013-08-30,2097.217041,2114.393066,2089.094971,2098.38208
2013-09-02,2104.090088,2108.683105,2078.455078,2098.447998
2013-09-03,2100.448975,2123.845947,2095.455078,2123.112061
2013-09-04,2121.679932,2132.996094,2115.75293,2127.61792
2013-09-05,2125.254883,2127.85498,2115.236084,2122.429932
2013-09-06,2119.333008,2143.243896,2119.020996,2139.99292
2013-09-09,2151.346924,2218.529053,2151.346924,2212.516113
2013-09-10,2214.813965,2238.551025,2202.815918,2237.983887
2013-09-11,2244.961914,2258.074951,2233.00293,2241.268066
2013-09-12,2236.170898,2270.268066,2226.288086,2255.604004
2013-09-13,2251.461914,2259.424072,2228.48291,2236.217041
2013-09-16,2244.462891,2248.470947,2226.170898,2231.400879
2013-09-17,2230.387939,2230.927979,2184.922119,2185.560059
2013-09-18,2185.936035,2195.904053,2172.042969,2191.851074
2013-09-23,2199.361084,2223.068115,2198.335938,2221.043945
2013-09-24,2219.467041,2219.542969,2187.236084,2207.531006
2013-09-25,2206.225098,2217.974121,2193.721924,2198.514893
2013-09-26,2192.226074,2192.226074,2154.720947,2155.809082
2013-09-27,2150.960938,2165.7771,2149.593994,2160.0271
2013-09-30,2167.733887,2176.302979,2165.162109,2174.665039
2013-10-08,2171.904053,2200.018066,2161.489014,2198.198975
2013-10-09,2191.39209,2212.346924,2185.180908,2211.769043
2013-10-10,2214.405029,2214.592041,2186.47998,2190.928955
2013-10-11,2201.408936,2228.871094,2200.530029,2228.145996
2013-10-14,2232.218018,2242.983887,2226.403076,2237.772949
2013-10-15,2237.930908,2240.25,2221.138916,2233.412109
2013-10-16,2228.113037,2228.113037,2183.403076,2193.073975
2013-10-17,2201.709961,2211.030029,2183.246094,2188.541992
2013-10-18,2188.714111,2203.291016,2184.360107,2193.780029
2013-10-21,2198.114014,2230.284912,2190.394043,2229.237061
2013-10-22,2227.341064,2227.341064,2204.243896,2210.6521
2013-10-23,2213.273926,2226.846924,2177.725098,2183.106934
2013-10-24,2178.820068,2183.412109,2159.871094,2164.322021
2013-10-25,2163.688965,2170.612061,2122.677979,2132.955078
2013-10-28,2135.878906,2140.957031,2123.069092,2133.868896
2013-10-29,2135.226074,2163.656982,2093.197021,2128.864014
2013-10-30,2126.689941,2161.935059,2121.841064,2160.462891
2013-10-31,2155.510986,2155.510986,2137.466064,2141.614014
2013-11-01,2139.879883,2157.312988,2132.628906,2149.562012
2013-11-04,2156.086914,2160.577881,2143.207031,2149.634033
2013-11-05,2139.836914,2158.147949,2124.844971,2157.23999
2013-11-06,2149.389893,2166.170898,2138.780029,2139.606934
2013-11-07,2136.626953,2141.600098,2119.186035,2129.399902
2013-11-08,2120.923096,2128.581055,2103.51001,2106.126953
2013-11-11,2103.299072,2117.280029,2093.625977,2109.470947
2013-11-12,2110.724121,2127.937988,2108.395996,2126.771973
2013-11-13,2117.885986,2117.912109,2086.006104,2087.940918
2013-11-14,2087.118896,2102.379883,2078.988037,2100.506104
2013-11-15,2100.899902,2153.212891,2100.785889,2135.826904
2013-11-18,2147.373047,2198.315918,2143.768066,2197.218994
2013-11-19,2198.318115,2203.295898,2186.114014,2193.125
2013-11-20,2201.474121,2207.10498,2186.64209,2206.613037
2013-11-21,2197.008057,2206.531006,2177.735107,2205.766113
2013-11-22,2206.469971,2211.065918,2188.76709,2196.37793
2013-11-25,2186.058105,2209.147949,2181.417969,2186.11499
2013-11-26,2184.332031,2192.579102,2176.177002,2183.072998
2013-11-27,2181.725098,2207.616943,2176.846924,2201.070068
2013-11-28,2204.37793,2234.386963,2202.623047,2219.37207
2013-11-29,2221.61792,2224.944092,2212.262939,2220.503906
2013-12-02,2203.12207,2231.920898,2172.633057,2207.371094
2013-12-03,2196.823975,2227.925049,2193.250977,2222.669922
2013-12-04,2219.965088,2260.871094,2215.916016,2251.761963
2013-12-05,2252.7229,2255.260986,2239.144043,2247.062988
2013-12-06,2242.562988,2248.146973,2228.63208,2237.10791
2013-12-09,2241.792969,2249.168945,2231.733887,2238.199951
2013-12-10,2239.864014,2250.503906,2231.679932,2237.491943
2013-12-11,2228.633057,2228.633057,2193.159912,2204.166016
2013-12-12,2199.316895,2214.548096,2194.900879,2202.795898
2013-12-13,2188.259033,2204.636963,2183.842041,2196.074951
2013-12-16,2197.233887,2201.696045,2159.987061,2160.861084
2013-12-17,2161.535889,2165.542969,2146.313965,2151.079102
2013-12-18,2150.412109,2156.593018,2142.624023,2148.284912
2013-12-19,2153.674072,2159.14209,2126.246094,2127.791992
2013-12-20,2128.374023,2131.737061,2082.85498,2084.793945
2013-12-23,2089.539063,2099.521973,2068.542969,2089.707031
2013-12-24,2094.072998,2111.804932,2079.810059,2092.905029
2013-12-25,2095.019043,2107.231934,2088.297119,2106.354004
2013-12-26,2102.659912,2102.659912,2070.545898,2073.099121
2013-12-27,2074.592041,2110.356934,2069.590088,2101.250977
2013-12-30,2108.883057,2112.009033,2095.062988,2097.529053
2013-12-31,2090.678955,2120.273926,2087.415039,2115.978027
2014-01-02,2112.125977,2113.110107,2101.016113,2109.386963
2014-01-03,2101.541992,2102.166992,2075.898926,2083.13501
2014-01-06,2078.684082,2078.684082,2034.005981,2045.708984
2014-01-07,2034.223999,2052.279053,2029.245972,2047.317017
2014-01-08,2047.255981,2062.951904,2037.109985,2044.339966
2014-01-09,2041.772949,2057.196045,2026.446045,2027.621948
2014-01-10,2023.535034,2029.296997,2008.006958,2013.297974
2014-01-13,2014.978027,2027.18103,2000.404053,2009.563965
2014-01-14,2007.156006,2027.427979,2001.13501,2026.842041
2014-01-15,2024.228027,2027.409058,2010.203979,2023.348022
2014-01-16,2022.537964,2034.707031,2014.406982,2023.70105
2014-01-17,2017.521973,2017.868042,2001.329956,2004.948975
2014-01-20,2001.894043,2005.937988,1984.823975,1991.253052
2014-01-21,1992.015015,2014.151978,1992.015015,2008.312988
2014-01-22,2009.968994,2052.339111,2008.930054,2051.749023
2014-01-23,2048.331055,2052.528076,2039.052002,2042.180054
2014-01-24,2037.666992,2060.986084,2034.453003,2054.39209
2014-01-27,2044.271973,2044.845947,2029.625977,2033.300049
2014-01-28,2036.401978,2047.129028,2026.987061,2038.512939
2014-01-29,2042.176025,2051.583008,2039.770996,2049.914063
2014-01-30,2045.93103,2045.93103,2031.465942,2033.083008
2014-02-07,2022.322998,2044.72998,2014.697998,2044.496948
2014-02-10,2049.983887,2087.975098,2049.983887,2086.066895
2014-02-11,2086.177002,2111.061035,2082.520996,2103.670898
2014-02-12,2103.827881,2110.904053,2096.509033,2109.955078
2014-02-13,2106.934082,2122.825928,2096.966064,2098.400879
2014-02-14,2097.320068,2116.186035,2095.090088,2115.8479
2014-02-17,2124.879883,2136.447021,2117.688965,2135.415039
2014-02-18,2134.143066,2134.143066,2113.12793,2119.065918
2014-02-19,2116.918945,2152.960938,2111.167969,2142.553955
2014-02-20,2152.891113,2177.978027,2136.480957,2138.781982
2014-02-21,2131.592041,2132.702881,2098.327881,2113.693115
2014-02-24,2099.717041,2099.717041,2058.791016,2076.686035
2014-02-25,2077.284912,2087.615967,2026.542969,2034.218994
2014-02-26,2026.609985,2041.626953,2014.380981,2041.254028
2014-02-27,2045.095947,2068.313965,2036.390991,2047.354004
2014-02-28,2040.624023,2058.489014,2020.935059,2056.302002
2014-03-03,2052.074951,2078.333008,2047.067017,2075.235107
2014-03-04,2068.106934,2074.024902,2050.125,2071.4729
2014-03-05,2073.294922,2074.814941,2050.175049,2053.083984
2014-03-06,2050.031982,2065.790039,2030.946045,2059.577881
2014-03-07,2058.375,2079.48999,2050.469971,2057.907959
2014-03-10,2042.352051,2042.634033,1995.54895,1999.064941
2014-03-11,1994.415039,2008.071045,1985.598999,2001.156982
2014-03-12,1996.239014,2011.060059,1974.381958,1997.692017
2014-03-13,2000.694946,2029.119995,1996.529053,2019.110962
2014-03-14,2008.824951,2017.912964,1990.97998,2004.338989
2014-03-17,2009.881958,2024.371948,1999.249023,2023.672974
2014-03-18,2026.223999,2034.916992,2020.410034,2025.196045
2014-03-19,2019.97998,2022.18103,2002.44104,2021.734009
2014-03-20,2017.219971,2030.847046,1993.001953,1993.479004
2014-03-21,1987.678955,2052.471924,1986.071045,2047.619019
2014-03-24,2050.826904,2074.055908,2043.329956,2066.279053
2014-03-25,2063.322998,2079.551025,2057.490967,2067.311035
2014-03-26,2070.573975,2074.572021,2057.647949,2063.669922
2014-03-27,2060.812012,2073.980957,2042.713013,2046.588013
2014-03-28,2046.850952,2060.134033,2035.243042,2041.712036
2014-03-31,2043.045044,2048.134033,2024.185059,2033.30603
2014-04-01,2031.005005,2050.680908,2028.095947,2047.459961
2014-04-02,2049.423096,2060.778076,2046.741943,2058.988037
2014-04-03,2063.49707,2066.00708,2037.447021,2043.702026
2014-04-04,2037.552002,2060.104004,2035.220947,2058.831055
2014-04-08,2054.530029,2102.451904,2052.899902,2098.283936
2014-04-09,2100.650879,2108.75,2095.639893,2105.237061
2014-04-10,2105.875977,2146.669922,2098.079102,2134.300049
2014-04-11,2130.36792,2138.650879,2120.178955,2130.541992
2014-04-14,2127.408936,2134.434082,2116.610107,2131.539063
2014-04-15,2125.9021,2125.9021,2098.149902,2101.601074
2014-04-16,2097.212891,2112.050049,2092.156982,2105.12207
2014-04-17,2108.947021,2110.716064,2095.714111,2098.88501
2014-04-18,2091.47998,2099.636963,2081.185059,2097.748047
2014-04-21,2085.97998,2103.077881,2065.233887,2065.825928
2014-04-22,2062.787109,2073.663086,2047.332031,2072.831055
2014-04-23,2068.083984,2076.349121,2059.108887,2067.38208
2014-04-24,2064.156006,2075.75708,2056.193115,2057.032959
2014-04-25,2060.538086,2065.643066,2035.56604,2036.519043
2014-04-28,2033.337036,2035.98999,2000.136963,2003.487061
2014-04-29,2001.895996,2021.680054,1997.640015,2020.340942
2014-04-30,2020.437988,2029.537964,2016.577026,2026.358032
2014-05-05,2022.177979,2028.957031,2007.350952,2027.353027
2014-05-06,2024.255981,2038.704956,2021.484985,2028.037964
2014-05-07,2023.151978,2024.630981,2008.45105,2010.083008
2014-05-08,2006.853027,2036.94104,2005.685059,2015.274048
2014-05-09,2016.500977,2020.453979,2001.300049,2011.13501
2014-05-12,2022.932007,2055.506104,2016.637939,2052.871094
2014-05-13,2055.079102,2061.059082,2043.546997,2050.728027
2014-05-14,2049.27002,2056.573975,2042.744019,2047.910034
2014-05-15,2044.376953,2047.31604,2022.860962,2024.973999
2014-05-16,2023.595947,2027.755981,2012.69397,2026.504028
2014-05-19,2023.014038,2023.266968,1996.015015,2005.182983
2014-05-20,2011.845947,2018.156006,2002.759033,2008.119019
2014-05-21,2001.30603,2025.19397,1991.055054,2024.95105
2014-05-22,2023.147949,2041.959961,2018.876953,2021.285034
2014-05-23,2020.11499,2034.56897,2017.739014,2034.56897
2014-05-26,2042.027954,2045.380981,2035.093994,2041.475952
2014-05-27,2039.791016,2044.147949,2032.838989,2034.564941
2014-05-28,2034.561035,2052.656006,2029.33606,2050.228027
2014-05-29,2051.840088,2057.076904,2039.238037,2040.594971
2014-05-30,2040.394043,2046.959961,2031.373047,2039.212036
2014-06-03,2039.196045,2049.575928,2037.300049,2038.305054
2014-06-04,2037.989014,2038.480957,2012.912964,2024.833984
2014-06-05,2019.442017,2041.70105,2016.175049,2040.878052
2014-06-06,2040.864014,2041.572998,2022.157959,2029.956055
2014-06-09,2024.942017,2045.255005,2023.197998,2030.501953
2014-06-10,2033.207031,2052.764893,2026.389038,2052.531982
2014-06-11,2049.12793,2056.631104,2045.406982,2054.947998
2014-06-12,2051.582031,2057.10498,2045.962036,2051.712891
2014-06-13,2049.206055,2073.595947,2048.61792,2070.715088
2014-06-16,2070.698975,2087.322021,2069.440918,2085.98291
2014-06-17,2080.481934,2080.481934,2064.666016,2066.697998
2014-06-18,2064.383057,2066.913086,2051.746094,2055.519043
2014-06-19,2054.620117,2059.254883,2017.652954,2023.734985
2014-06-20,2013.41394,2027.147949,2010.530029,2026.67395
2014-06-23,2026.225952,2033.319946,2022.916992,2024.36499
2014-06-24,2023.698975,2034.707031,2021.75,2033.93103
2014-06-25,2030.432983,2030.615967,2018.359985,2025.501953
2014-06-26,2025.661987,2040.754028,2025.313965,2038.677002
2014-06-27,2031.906982,2043.982056,2025.072998,2036.51001
2014-06-30,2038.613037,2052.342041,2038.526978,2048.326904
2014-07-01,2051.225098,2052.63501,2041.937012,2050.381104
2014-07-02,2049.485107,2060.594971,2044.035034,2059.417969
2014-07-03,2051.63208,2066.641113,2048.081055,2063.229004
2014-07-04,2062.35791,2065.077881,2054.217041,2059.375
2014-07-07,2058.12793,2064.042969,2050.886963,2059.927002
2014-07-08,2058.134033,2064.433105,2047.203979,2064.020996
2014-07-09,2061.63501,2062.474121,2037.600952,2038.612061
2014-07-10,2036.540039,2045.526978,2034.956055,2038.342041
2014-07-11,2033.869019,2051.737061,2033.004028,2046.96106
2014-07-14,2047.744019,2067.342041,2044.901001,2066.645996
2014-07-15,2065.899902,2070.35791,2059.678955,2070.356934
2014-07-16,2068.343018,2075.49292,2061.572021,2067.275879
2014-07-17,2062.886963,2062.886963,2046.188965,2055.591064
2014-07-18,2047.498047,2067.23291,2045.995972,2059.066895
2014-07-21,2057.76709,2061.822998,2049.175049,2054.479004
2014-07-22,2050.5,2078.084961,2049.814941,2075.480957
2014-07-23,2074.195068,2088.191895,2072.229004,2078.489014
2014-07-24,2079.63208,2107.946045,2079.63208,2105.062012
2014-07-25,2108.714111,2127.217041,2106.714111,2126.614014
2014-07-28,2135.249023,2181.496094,2135.249023,2177.947998
2014-07-29,2179.825928,2193.522949,2172.102051,2183.191895
2014-07-30,2178.178955,2194.572021,2177.243896,2181.24292
2014-07-31,2179.542969,2202.125977,2173.899902,2201.562012
2014-08-01,2194.169922,2218.789063,2184.641113,2185.302979
2014-08-04,2190.035889,2224.068115,2186.916992,2223.331055
2014-08-05,2224.63208,2226.837891,2206.850098,2219.945068
2014-08-06,2212.00293,2223.893066,2192.99292,2217.465088
2014-08-07,2216.658936,2220.568115,2185.762939,2187.668945
2014-08-08,2188.708984,2199.577881,2180.596924,2194.425049
2014-08-11,2199.433105,2225.960938,2198.313965,2224.654053
2014-08-12,2222.696045,2222.979004,2210,2221.594971
2014-08-13,2223.051025,2230.990967,2202.443115,2222.876953
2014-08-14,2221.541016,2230.894043,2204.384033,2206.466064
2014-08-15,2207.226074,2230.87207,2203.241943,2226.733887
2014-08-18,2229.803955,2242.034912,2228.134033,2239.466064
2014-08-19,2242.340088,2246.016113,2227.925049,2245.330078
2014-08-20,2241.664063,2248.938965,2233.89209,2240.210938
2014-08-21,2239.568115,2240.076904,2211.629883,2230.458008
2014-08-22,2228.974121,2243.302979,2225.26709,2240.812012
2014-08-25,2241.100098,2241.552979,2222.009033,2229.273926
2014-08-26,2225.291016,2232.784912,2200.61792,2207.105957
2014-08-27,2207.030029,2216.669922,2204.048096,2209.465088
2014-08-28,2210.483887,2219.4729,2194.861084,2195.818115
2014-08-29,2198.946045,2218.696045,2193.262939,2217.199951
2014-09-01,2220.128906,2236.285889,2217.685059,2235.510986
2014-09-02,2239.684082,2267.509033,2234.37793,2266.045898
2014-09-03,2268.39502,2290.547119,2268.100098,2288.626953
2014-09-04,2290.029053,2307.700928,2283.2771,2306.862061
2014-09-05,2311.304932,2327.556885,2307.447021,2326.431885
2014-09-09,2328.426025,2331.916992,2315.894043,2326.5271
2014-09-10,2318.496094,2321.907959,2306.420898,2318.304932
2014-09-11,2315.731934,2343.594971,2304.602051,2311.678955
2014-09-12,2308.345947,2331.949951,2302.774902,2331.949951
2014-09-15,2330.187012,2340.448975,2321.593018,2339.139893
2014-09-16,2341.0271,2347.935059,2293.868896,2296.554932
2014-09-17,2298.981934,2309.048096,2282.794922,2307.893066
2014-09-18,2303.850098,2319.875,2297.930908,2315.927979
2014-09-19,2312.983887,2331.561035,2305.51709,2329.450928
2014-09-22,2323.553955,2323.553955,2284.37793,2289.865967
2014-09-23,2289.091064,2311.524902,2289.023926,2309.718018
2014-09-24,2302.230957,2345.74707,2297.875977,2343.574951
2014-09-25,2352.86499,2365.154053,2336.804932,2345.103027
2014-09-26,2339.288086,2350.108887,2329.955078,2347.718018
2014-09-29,2353.708008,2363.059082,2346.579102,2357.710938
2014-09-30,2361.318115,2365.490967,2354.268066,2363.870117
2014-10-08,2368.575928,2382.793945,2354.290039,2382.793945
2014-10-09,2383.858887,2391.3479,2367.111084,2389.371094
2014-10-10,2380.754883,2386.2771,2365.074951,2374.540039
2014-10-13,2366.426025,2366.862061,2341.124023,2366.009033
2014-10-14,2362.802002,2380.514893,2349.194092,2359.475098
2014-10-15,2358.23291,2374.808105,2344.373047,2373.669922
2014-10-16,2361.129883,2389.675049,2353.406006,2356.499023
2014-10-17,2352.783936,2360.596924,2312.825928,2341.184082
2014-10-20,2346.052002,2357.509033,2340.458984,2356.728027
2014-10-21,2355.032959,2361.653076,2337.551025,2339.656982
2014-10-22,2339.2229,2352.124023,2324.590088,2326.552979
2014-10-23,2322.315918,2329.927002,2297.330078,2302.417969
2014-10-24,2303.080078,2314.875,2296.656982,2302.280029
2014-10-27,2293.572998,2293.644043,2279.835938,2290.437012
2014-10-28,2294.011963,2338.278076,2294.011963,2337.871094
2014-10-29,2343.719971,2381.643066,2339.711914,2373.030029
2014-10-30,2371.891113,2397.256104,2365.918945,2391.075928
2014-10-31,2393.177979,2423.595947,2384.48291,2420.177979
2014-11-03,2425.225098,2436.784912,2418.166992,2430.970947
2014-11-04,2428.270996,2435.2229,2417.220947,2430.737061
2014-11-05,2432.168945,2434.363037,2415.501953,2420.395996
2014-11-06,2419.616943,2426.889893,2401.75,2425.809082
2014-11-07,2427.897949,2454.423096,2407.441895,2419.145996
2014-11-10,2436.62793,2474.156006,2428.185059,2473.183105
2014-11-11,2483.647949,2508.623047,2445.959961,2470.594971
2014-11-12,2454.602051,2494.916992,2444.813965,2494.275879
2014-11-13,2494.998047,2507.74292,2471.406982,2486.669922
2014-11-14,2477.966064,2481.024902,2457.044922,2479.185059
2014-11-17,2506.864014,2508.76709,2472.446045,2475.120117
2014-11-18,2474.181885,2477.052002,2449.812988,2457.529053
2014-11-19,2452.149902,2461.490967,2442.709961,2451.166992
2014-11-20,2443.275879,2458.319092,2437.476074,2452.616943
2014-11-21,2452.63501,2488.200928,2446.645996,2487.111084
2014-11-24,2505.531982,2546.746094,2495.520996,2533.887939
2014-11-25,2531.998047,2568.381104,2527.076904,2567.596924
2014-11-26,2572.648926,2605.070068,2570.404053,2604.886963
2014-11-27,2615.366943,2631.398926,2599.10791,2630.045898
2014-11-28,2629.625977,2683.179932,2622.061035,2682.918945
2014-12-01,2691.725098,2720.74292,2668.841064,2680.73999
2014-12-02,2667.820068,2777.37207,2665.686035,2763.316895
2014-12-03,2768.677979,2824.178955,2733.86792,2779.736084
2014-12-04,2783.468994,2900.508057,2772.431885,2900.362061
2014-12-05,2926.572998,2978.029053,2813.052002,2938.781006
2014-12-08,2907.814941,3041.656982,2879.846924,3021.523926
2014-12-09,2992.48999,3091.323975,2834.592041,2859.918945
2014-12-10,2855.939941,2946.707031,2807.677979,2940.876953
2014-12-11,2912.345947,2965.675049,2892.611084,2925.74292
2014-12-12,2929.360107,2962.51001,2914.956055,2938.173096
2014-12-15,2921.446045,2960.227051,2890.904053,2953.420898
2014-12-16,2953.811035,3021.896973,2943.912109,3021.518066
2014-12-17,3031.951904,3076.599121,2993.333008,3061.02002
2014-12-18,3062.801025,3089.791016,3030.319092,3057.520996
2014-12-19,3053.074951,3117.5271,3018.420898,3108.595947
2014-12-22,3129.26709,3189.866943,3090.509033,3127.445068
2014-12-23,3085.080078,3136.837891,3025.666992,3032.612061
2014-12-24,3039.206055,3050.50708,2934.910889,2972.531982
2014-12-25,3072.540039,3072.540039,3072.540039,3072.540039
2014-12-26,3078.004883,3164.155029,3064.176025,3157.603027
2014-12-29,3212.559082,3223.860107,3126.944092,3168.016113
2014-12-30,3160.801025,3190.299072,3130.353027,3165.814941
2014-12-31,3172.596924,3239.356934,3157.259033,3234.677002
2015-01-05,3258.626953,3369.281006,3253.883057,3350.519043
2015-01-06,3330.799072,3394.224121,3303.184082,3351.446045
2015-01-07,3326.648926,3374.895996,3312.210938,3373.954102
2015-01-08,3371.957031,3381.565918,3285.094971,3293.456055
2015-01-09,3276.965088,3404.833984,3267.509033,3285.412109
2015-01-12,3258.212891,3275.185059,3191.582031,3229.315918
2015-01-13,3223.541992,3259.385986,3214.412109,3235.301025
2015-01-14,3242.336914,3268.48291,3193.978027,3222.437012
2015-01-15,3224.070068,3337.083984,3207.544922,3336.455078
2015-01-16,3343.603027,3400.318115,3340.48999,3376.495117
2015-01-19,3189.727051,3262.207031,3095.065918,3116.351074
2015-01-20,3114.560059,3190.245117,3100.477051,3173.052002
2015-01-21,3189.084961,3337.003906,3178.343018,3323.611084
2015-01-22,3327.319092,3352.384033,3293.978027,3343.343994
2015-01-23,3357.095947,3406.785889,3328.292969,3351.763916
2015-01-26,3347.25708,3384.798096,3321.314941,3383.181885
2015-01-27,3389.853027,3390.216064,3290.218994,3352.959961
2015-01-28,3325.721924,3354.802002,3294.655029,3305.738037
2015-01-29,3258.99707,3286.785889,3234.240967,3262.304932
2015-01-30,3273.74707,3288.50293,3210.308105,3210.363037
2015-02-02,3148.135986,3175.134033,3122.572021,3128.300049
2015-02-03,3156.085938,3207.935059,3129.731934,3204.906982
2015-02-04,3212.822021,3238.981934,3171.144043,3174.125977
2015-02-05,3251.211914,3251.211914,3135.819092,3136.531006
2015-02-06,3120.090088,3129.539063,3052.938965,3075.906982
2015-02-09,3063.51001,3119.033936,3049.111084,3095.124023
2015-02-10,3090.48999,3142.099121,3084.25293,3141.593018
2015-02-11,3145.764893,3166.420898,3139.052002,3157.704102
2015-02-12,3157.958984,3181.766113,3134.243896,3173.416016
2015-02-13,3186.808105,3237.158936,3182.793945,3203.826904
2015-02-16,3206.136963,3228.845947,3195.884033,3222.363037
2015-02-17,3230.884033,3255.725098,3230.771973,3246.906006
2015-02-25,3256.479004,3257.2229,3215.552002,3228.843018
2015-02-26,3222.150879,3300.615967,3202.187988,3298.358887
2015-02-27,3296.831055,3324.545898,3291.00708,3310.302979
2015-03-02,3332.720947,3336.76001,3298.668945,3336.284912
2015-03-03,3317.695068,3317.695068,3260.428955,3263.052002
2015-03-04,3264.181885,3286.587891,3250.483887,3279.532959
2015-03-05,3264.084961,3266.637939,3221.666016,3248.476074
2015-03-06,3248.035889,3266.933105,3234.532959,3241.187012
2015-03-09,3224.313965,3307.701904,3198.370117,3302.407959
2015-03-10,3289.084961,3309.915039,3277.094971,3286.068115
2015-03-11,3289.593994,3325.053955,3278.470947,3290.899902
2015-03-12,3314.812988,3360.053955,3300.488037,3349.322998
2015-03-13,3359.488037,3391.254883,3352.149902,3372.910889
2015-03-16,3391.157959,3449.304932,3377.086914,3449.304932
2015-03-17,3469.603027,3504.123047,3459.694092,3502.846924
2015-03-18,3510.500977,3577.662109,3503.853027,3577.301025
2015-03-19,3576.019043,3600.684082,3546.843994,3582.270996
2015-03-20,3587.083984,3632.337891,3569.379883,3617.318115
2015-03-23,3640.104004,3688.249023,3635.485107,3687.728027
2015-03-24,3692.569092,3715.873047,3600.697998,3691.409912
2015-03-25,3680.952881,3693.150879,3634.559082,3660.727051
2015-03-26,3641.941895,3707.318115,3615.010986,3682.094971
2015-03-27,3686.134033,3710.477051,3656.831055,3691.095947
2015-03-30,3710.612061,3795.935059,3710.612061,3786.568115
2015-03-31,3822.987061,3835.566895,3737.042969,3747.898926
2015-04-01,3748.340088,3817.082031,3742.212891,3810.293945
2015-04-02,3827.688965,3835.450928,3775.894043,3825.783936
2015-04-03,3803.383057,3864.405029,3792.210938,3863.928955
2015-04-07,3899.419922,3961.666016,3891.728027,3961.37793
2015-04-08,3976.531982,4000.219971,3903.647949,3994.811035
2015-04-09,4006.129883,4016.395996,3900.0271,3957.533936
2015-04-10,3947.491943,4040.3479,3929.319092,4034.310059
2015-04-13,4072.7229,4128.071777,4057.292969,4121.714844
2015-04-14,4125.782227,4168.346191,4091.25708,4135.564941
2015-04-15,4135.647949,4175.494141,4069.00708,4084.163086
2015-04-16,4055.916016,4195.305176,4031.243896,4194.823242
2015-04-17,4254.723145,4317.223145,4238.910156,4287.295898
2015-04-20,4301.352051,4356.000977,4190.681152,4217.077148
2015-04-21,4212.185059,4294.375,4188.568848,4293.623047
2015-04-22,4304.597168,4400.192871,4297.951172,4398.494141
2015-04-23,4414.484863,4444.410156,4358.844238,4414.507813
2015-04-24,4355.951172,4416.375977,4318.119141,4393.686035
2015-04-27,4441.929199,4529.734863,4441.929199,4527.395996
2015-04-28,4527.634766,4572.391113,4432.903809,4476.214844
2015-04-29,4446.119141,4499.944824,4398.63916,4476.620117
2015-04-30,4483.013184,4507.344238,4441.054199,4441.654785
2015-05-04,4441.342773,4487.569824,4387.425781,4480.463867
2015-05-05,4479.848145,4488.865234,4282.236816,4298.706055
2015-05-06,4311.641113,4376.353027,4187.368164,4229.266113
2015-05-07,4197.895996,4213.76416,4108.008789,4112.213867
2015-05-08,4152.983887,4206.859863,4099.041992,4205.916992
2015-05-11,4231.270996,4334.876953,4187.819824,4333.583984
2015-05-12,4342.370117,4402.309082,4317.975098,4401.219238
2015-05-13,4402.37793,4415.628906,4342.480957,4375.759766
2015-05-14,4372.815918,4397.745117,4329.041992,4378.311035
2015-05-15,4366.821777,4366.821777,4278.553223,4308.690918
2015-05-18,4277.89502,4324.826172,4260.508789,4283.491211
2015-05-19,4285.776855,4418.402832,4285.776855,4417.551758
2015-05-20,4434.979004,4520.538086,4432.278809,4446.288086
2015-05-21,4456.435059,4530.478027,4438.257813,4529.421875
2015-05-22,4584.983887,4658.272949,4562.98877,4657.596191
2015-05-25,4660.075195,4814.671875,4656.825195,4813.797852
2015-05-26,4854.850098,4911.685059,4779.075195,4910.896973
2015-05-27,4932.846191,4958.155762,4857.056152,4941.713867
2015-05-28,4943.742188,4986.50293,4614.241211,4620.266113
2015-05-29,4603.464844,4698.192871,4431.562988,4611.744141
2015-06-01,4633.098145,4829.501953,4615.230957,4828.737793
2015-06-02,4844.704102,4911.574219,4797.551758,4910.526855
2015-06-03,4924.380859,4942.064941,4822.441895,4909.978027
2015-06-04,4912.944824,4947.964844,4647.407227,4947.102051
2015-06-05,5016.087891,5051.625977,4898.067871,5023.096191
2015-06-08,5045.693848,5146.949219,4997.480957,5131.880859
2015-06-09,5145.978027,5147.454102,5042.962891,5113.53418
2015-06-10,5049.196777,5164.162109,5001.48877,5106.036133
2015-06-11,5101.439941,5122.457031,5050.765137,5121.592773
2015-06-12,5143.342773,5178.190918,5103.400879,5166.350098
2015-06-15,5174.417969,5176.794922,5048.742188,5062.993164
2015-06-16,5004.412109,5029.684082,4842.100098,4887.432129
2015-06-17,4890.550781,4983.658203,4767.21582,4967.897949
2015-06-18,4942.52002,4966.76709,4780.873047,4785.355957
2015-06-19,4689.929199,4744.081055,4476.500977,4478.36377
2015-06-23,4471.612793,4577.938965,4264.771973,4576.492188
2015-06-24,4604.579102,4691.768066,4552.128906,4690.149902
2015-06-25,4711.763184,4720.701172,4483.547852,4527.778809
2015-06-26,4399.933105,4456.895996,4139.529785,4192.873047
2015-06-29,4289.770996,4297.475098,3875.050049,4053.030029
2015-06-30,4006.753906,4279.969238,3847.879883,4277.222168
2015-07-01,4214.149902,4317.053223,4043.366943,4053.699951
2015-07-02,4058.624023,4080.386963,3795.25293,3912.76709
2015-07-03,3793.711914,3927.12793,3629.555908,3686.915039
2015-07-06,3975.214111,3975.214111,3653.037109,3775.912109
2015-07-07,3654.778076,3750.570068,3585.398926,3727.125
2015-07-08,3467.398926,3599.25293,3421.524902,3507.191895
2015-07-09,3432.454102,3748.479004,3373.540039,3709.330078
2015-07-10,3707.458008,3959.219971,3677.435059,3877.802979
2015-07-13,3918.98999,4030.195068,3858.636963,3970.387939
2015-07-14,3958.373047,4035.435059,3855.560059,3924.487061
2015-07-15,3874.968018,3914.272949,3741.25,3805.702881
2015-07-16,3758.504883,3877.513916,3688.441895,3823.176025
2015-07-17,3831.420898,3994.477051,3814.146973,3957.352051
2015-07-20,3948.420898,4021.325928,3927.121094,3992.110107
2015-07-21,3939.897949,4041.819092,3912.801025,4017.675049
2015-07-22,3996.427002,4042.337891,3960.864014,4026.044922
2015-07-23,4022.268066,4132.611816,4019.038086,4123.922852
2015-07-24,4124.754883,4184.449219,4044.831055,4070.907959
2015-07-27,3985.570068,4051.158936,3720.444092,3725.558105
2015-07-28,3573.143066,3762.525879,3537.35791,3663.001953
2015-07-29,3689.824951,3792.072021,3612.063965,3789.167969
2015-07-30,3773.788086,3844.374023,3685.956055,3705.766113
2015-07-31,3655.666992,3729.511963,3620.165039,3663.726074
2015-08-03,3614.98999,3648.943115,3549.496094,3622.905029
2015-08-04,3621.85498,3757.029053,3601.289063,3756.544922
2015-08-05,3745.645996,3782.352051,3676.389893,3694.572998
2015-08-06,3625.503906,3710.570068,3614.741943,3661.539063
2015-08-07,3692.614014,3756.73999,3686.300049,3744.205078
2015-08-10,3786.032959,3943.624023,3775.854004,3928.415039
2015-08-11,3928.808105,3970.336914,3891.178955,3927.907959
2015-08-12,3881.228027,3937.771973,3871.135986,3886.320068
2015-08-13,3869.910889,3955.789063,3838.158936,3954.555908
2015-08-14,3976.405029,4000.684082,3939.834961,3965.334961
2015-08-17,3947.843994,3994.537109,3907.398926,3993.667969
2015-08-18,3999.134033,4006.336914,3743.394043,3748.164063
2015-08-19,3646.802979,3811.427002,3558.383057,3794.108887
2015-08-20,3754.566895,3788.004883,3663.606934,3664.291016
2015-08-21,3609.958984,3652.836914,3490.540039,3507.743896
2015-08-24,3373.478027,3388.364014,3191.878906,3209.905029
2015-08-25,3004.125977,3123.033936,2947.944092,2964.967041
2015-08-26,2980.793945,3092.041016,2850.714111,2927.288086
2015-08-27,2978.030029,3085.422119,2906.48999,3083.591064
2015-08-28,3125.263916,3235.839111,3102.945068,3232.350098
2015-08-31,3203.559082,3207.862061,3109.163086,3205.986084
2015-09-01,3157.832031,3180.331055,3053.738037,3166.624023
2015-09-02,3027.677979,3194.485107,3019.086914,3160.166992
2015-09-07,3149.379883,3217.579102,3066.303955,3080.419922
2015-09-08,3054.444092,3174.708984,3011.116943,3170.451904
2015-09-09,3182.552002,3256.74292,3165.696045,3243.089111
2015-09-10,3190.552979,3243.281006,3178.904053,3197.893066
2015-09-11,3189.479004,3223.761963,3163.448975,3200.233887
2015-09-14,3221.165039,3229.481934,3049.22998,3114.798096
2015-09-15,3043.804932,3081.702881,2983.919922,3005.172119
2015-09-16,2998.035889,3182.934082,2983.534912,3152.262939
2015-09-17,3131.981934,3204.701904,3085.313965,3086.061035
2015-09-18,3100.280029,3122.048096,3070.335938,3097.916992
2015-09-21,3072.093994,3159.883057,3060.855957,3156.540039
2015-09-22,3161.318115,3213.476074,3152.480957,3185.618896
2015-09-23,3137.7229,3164.041016,3104.743896,3115.887939
2015-09-24,3126.490967,3151.165039,3109.690918,3142.687012
2015-09-25,3130.851074,3149.947998,3062.995117,3092.346924
2015-09-28,3085.566895,3103.069092,3042.310059,3100.756104
2015-09-29,3055.218018,3068.298096,3021.156982,3038.136963
2015-09-30,3052.841064,3073.300049,3039.741943,3052.781006
2015-10-08,3156.074951,3172.281006,3133.126953,3143.356934
2015-10-09,3146.644043,3192.717041,3137.788086,3183.1521
2015-10-12,3193.540039,3318.714111,3188.406982,3287.662109
2015-10-13,3262.156006,3298.625977,3253.249023,3293.22998
2015-10-14,3280.02002,3307.314941,3256.25293,3262.440918
2015-10-15,3255.031982,3338.297119,3254.39209,3338.072998
2015-10-16,3358.297119,3393.018066,3334.854004,3391.352051
2015-10-19,3401.626953,3423.4021,3355.565918,3386.699951
2015-10-20,3377.547119,3425.516113,3357.861084,3425.330078
2015-10-21,3428.561035,3447.258057,3265.436035,3320.676025
2015-10-22,3292.291016,3373.775879,3282.99292,3368.739014
2015-10-23,3377.548096,3422.021973,3360.218018,3412.434082
2015-10-26,3448.648926,3457.51709,3402,3429.581055
2015-10-27,3409.136963,3441.564941,3332.615967,3434.335938
2015-10-28,3417.010986,3439.758057,3367.230957,3375.196045
2015-10-29,3387.773926,3411.714111,3362.509033,3387.314941
2015-10-30,3380.283936,3417.200928,3346.591064,3382.561035
2015-11-02,3337.577881,3391.063965,3322.312012,3325.084961
2015-11-03,3330.315918,3346.274902,3302.184082,3316.695068
2015-11-04,3325.618896,3459.645996,3325.618896,3459.639893
2015-11-05,3459.215088,3585.656982,3455.524902,3522.819092
2015-11-06,3514.436035,3596.38208,3508.826904,3590.031982
2015-11-09,3588.498047,3673.76001,3588.498047,3646.881104
2015-11-10,3617.395996,3669.532959,3607.891113,3640.485107
2015-11-11,3635.003906,3654.876953,3605.621094,3650.249023
2015-11-12,3656.816895,3659.314941,3603.228027,3632.9021
2015-11-13,3600.763916,3632.555908,3564.809082,3580.839111
2015-11-16,3522.460938,3607.612061,3519.420898,3606.957031
2015-11-17,3629.977051,3678.272949,3598.068115,3604.794922
2015-11-18,3605.061035,3617.069092,3558.697021,3568.468018
2015-11-19,3573.775879,3618.212891,3561.043945,3617.062012
2015-11-20,3620.791016,3640.529053,3607.915039,3630.5
2015-11-23,3630.866943,3654.753906,3598.871094,3610.314941
2015-11-24,3602.886963,3616.483887,3563.104004,3616.113037
2015-11-25,3614.068115,3648.366943,3607.518066,3647.929932
2015-11-26,3659.573975,3668.375977,3629.86499,3635.552002
2015-11-27,3616.543945,3621.896973,3412.427002,3436.302979
2015-11-30,3433.85498,3470.371094,3327.812012,3445.405029
2015-12-01,3442.440918,3483.414063,3417.544922,3456.309082
2015-12-02,3450.278076,3538.846924,3427.660889,3536.905029
2015-12-03,3525.727051,3591.72998,3517.22998,3584.823975
2015-12-04,3558.148926,3568.969971,3510.412109,3524.991943
2015-12-07,3529.805908,3543.945068,3506.625,3536.927002
2015-12-08,3518.647949,3518.647949,3466.790039,3470.070068
2015-12-09,3462.583008,3495.701904,3454.878906,3472.438965
2015-12-10,3469.805908,3503.654053,3446.272949,3455.495117
2015-12-11,3441.596924,3455.548096,3410.924072,3434.581055
2015-12-14,3403.50708,3521.779053,3399.280029,3520.667969
2015-12-15,3518.125977,3529.960938,3496.854004,3510.354004
2015-12-16,3522.091064,3538.688965,3506.291016,3516.187012
2015-12-17,3533.62793,3583.407959,3533.62793,3579.999023
2015-12-18,3574.939941,3614.697998,3568.160889,3578.964111
2015-12-21,3568.581055,3651.055908,3565.750977,3642.471924
2015-12-22,3645.98999,3652.63501,3616.870117,3651.76709
2015-12-23,3653.281982,3684.566895,3633.024902,3636.089111
2015-12-24,3631.312988,3640.220947,3572.2771,3612.485107
2015-12-25,3614.053955,3635.256104,3601.738037,3628.000977
2015-12-28,3635.769043,3641.587891,3533.779053,3533.779053
2015-12-29,3528.39502,3564.170898,3515.52002,3563.736084
2015-12-30,3566.730957,3573.684082,3538.112061,3572.875977
2015-12-31,3570.467041,3580.602051,3538.353027,3539.181885
2016-01-04,3536.589111,3538.688965,3295.740967,3296.258057
2016-01-05,3196.650879,3328.138916,3189.60498,3287.710938
2016-01-06,3291.195068,3362.974121,3288.933105,3361.840088
2016-01-07,3309.656982,3309.656982,3115.88501,3125.001953
2016-01-08,3194.625,3235.450928,3056.87793,3186.412109
2016-01-11,3131.853027,3166.215088,3016.697021,3016.704102
2016-01-12,3026.158936,3047.664063,2978.462891,3022.861084
2016-01-13,3041.106934,3059.014893,2949.290039,2949.596924
2016-01-14,2874.049072,3012.292969,2867.552979,3007.648926
2016-01-15,2988.048096,3001.708008,2883.86792,2900.969971
2016-01-18,2847.539063,2945.449951,2844.704102,2913.836914
2016-01-19,2914.407959,3012.068115,2906.404053,3007.739014
2016-01-20,2993.013916,3016.282959,2951.922119,2976.694092
2016-01-21,2934.391113,2998.790039,2880.084961,2880.481934
2016-01-22,2911.112061,2931.358887,2851.73291,2916.562012
2016-01-25,2934.077881,2955.782959,2911.829102,2938.514893
2016-01-26,2907.718018,2911.990967,2743.839111,2749.784912
2016-01-27,2756.082031,2768.771973,2638.302002,2735.558105
2016-01-28,2711.157959,2740.535889,2647.49292,2655.660889
2016-01-29,2652.854004,2755.366943,2649.791016,2737.600098
2016-02-01,2730.983887,2735.254883,2655.623047,2688.854004
2016-02-02,2687.981934,2755.158936,2687.981934,2749.570068
2016-02-03,2719.573975,2746.072021,2696.884033,2739.24707
2016-02-04,2751.431885,2793.298096,2751.313965,2781.022949
2016-02-05,2783.075928,2790.061035,2762.159912,2763.491943
2016-02-15,2684.960938,2760.358887,2682.090088,2746.196045
2016-02-16,2758.579102,2840.62207,2758.579102,2836.571045
2016-02-17,2829.763916,2868.700928,2824.355957,2867.337891
2016-02-18,2881.7771,2893.215088,2857.698975,2862.893066
2016-02-19,2854.904053,2872.724121,2840.488037,2860.020996
2016-02-22,2888.5979,2933.964111,2880.346924,2927.175049
2016-02-23,2925.708008,2928.048096,2872.281982,2903.331055
2016-02-24,2889.88501,2929.871094,2872.273926,2928.895996
2016-02-25,2922.237061,2922.237061,2729.851074,2741.245117
2016-02-26,2760.058105,2784.75293,2715.874023,2767.209961
2016-02-29,2754.813965,2755.889893,2638.962891,2687.979004
2016-03-01,2688.379883,2747.562012,2668.75708,2733.169922
2016-03-02,2733.76709,2852.699951,2732.539063,2849.680908
2016-03-03,2847.331055,2878.445068,2840.874023,2859.758057
2016-03-04,2848.538086,2880.37207,2808.849121,2874.146973
2016-03-07,2886.639893,2911.839111,2871.345947,2897.340088
2016-03-08,2895.666016,2902.621094,2802.562988,2901.386963
2016-03-09,2839.410889,2863.014893,2811.718018,2862.555908
2016-03-10,2847.566895,2863.176025,2803.476074,2804.726074
2016-03-11,2781.600098,2815.606934,2772.551025,2810.306885
2016-03-14,2830.083984,2889.815918,2823.028076,2859.499023
2016-03-15,2853.978027,2865.787109,2819.794922,2864.36792
2016-03-16,2858.708984,2881.529053,2854.191895,2870.429932
2016-03-17,2875.410889,2921,2857.190918,2904.832031
2016-03-18,2915.518066,2971.551025,2908.741943,2955.149902
2016-03-21,2978.455078,3028.322021,2973.758057,3018.802002
2016-03-22,3001.629883,3019.101074,2988.426025,2999.363037
2016-03-23,2991.168945,3012.560059,2980.85498,3009.959961
2016-03-24,2986.801025,2998.154053,2960.537109,2960.969971
2016-03-25,2956.199951,2981.407959,2952.105957,2979.125977
2016-03-28,2988.01001,3008.167969,2948.525879,2957.820068
2016-03-29,2956.705078,2962.202881,2905.250977,2919.832031
2016-03-30,2941.218018,3001.105957,2941.218018,3000.64502
2016-03-31,3009.366943,3023.408936,2992.916016,3003.915039
2016-04-01,2997.087891,3009.673096,2956.24707,3009.530029
2016-04-05,3000.937988,3057.330078,2993.147949,3053.064941
2016-04-06,3039.745117,3059.793945,3029.004883,3050.592041
2016-04-07,3058.339111,3062.35791,3007.060059,3008.419922
2016-04-08,2988.199951,2996.170898,2960.459961,2984.958008
2016-04-11,3006.908936,3048.977051,3006.908936,3033.957031
2016-04-12,3031.301025,3036.824951,3001.314941,3023.645996
2016-04-13,3041.35791,3097.165039,3041.35791,3066.637939
2016-04-14,3080.090088,3086.697998,3056.989014,3082.362061
2016-04-15,3085.025879,3089.950928,3066.87207,3078.116943
2016-04-18,3058.462891,3058.462891,3022.969971,3033.659912
2016-04-19,3047.133057,3054.50293,3024.89502,3042.822998
2016-04-20,3050.381104,3055.688965,2905.049072,2972.583984
2016-04-21,2954.370117,2990.673096,2943.464111,2952.891113
2016-04-22,2933.034912,2960.208984,2926.775879,2959.23999
2016-04-25,2949.9729,2954.092041,2917.02002,2946.669922
2016-04-26,2944.716064,2965.428955,2933.970947,2964.699951
2016-04-27,2967.189941,2976.021973,2949.431885,2953.670898
2016-04-28,2955.741943,2959.511963,2916.374023,2945.589111
2016-04-29,2935.375977,2950.575928,2930.356934,2938.323975
2016-05-03,2940.39209,2993.534912,2929.814941,2992.643066
2016-05-04,2983.0271,3004.417969,2978.330078,2991.271973
2016-05-05,2987.021973,2999.11792,2977.199951,2997.842041
2016-05-06,2998.4021,3003.590088,2913.035889,2913.248047
2016-05-09,2896.162109,2896.162109,2821.825928,2832.113037
2016-05-10,2822.326904,2845.238037,2820.164063,2832.591064
2016-05-11,2843.544922,2857.253906,2818.698975,2837.037109
2016-05-12,2812.10791,2839.275879,2781.236084,2835.862061
2016-05-13,2828.461914,2850.093018,2814.11499,2827.108887
2016-05-16,2816.774902,2851.229004,2804.990967,2850.862061
2016-05-17,2850.926025,2860.321045,2832.458984,2843.684082
2016-05-18,2828.177979,2828.254883,2781.416992,2807.513916
2016-05-19,2802.314941,2829.4021,2801.548096,2806.906006
2016-05-20,2792.887939,2825.951904,2785.080078,2825.48291
2016-05-23,2826.312012,2848.071045,2826.256104,2843.64502
2016-05-24,2839.681885,2839.695068,2807.187988,2821.666016
2016-05-25,2835.029053,2843.165039,2807.749023,2815.085938
2016-05-26,2813.542969,2827.092041,2780.762939,2822.443115
2016-05-27,2817.968018,2832.799072,2809.799072,2821.045898
2016-05-30,2814.650879,2830.969971,2794.660889,2822.450928
2016-05-31,2822.593018,2917.13501,2822.593018,2916.615967
2016-06-01,2917.154053,2929.075928,2909.511963,2913.508057
2016-06-02,2911.218994,2925.669922,2906.523926,2925.229004
2016-06-03,2929.788086,2945.519043,2915.185059,2938.681885
2016-06-06,2940.993896,2945.941895,2922.282959,2934.0979
2016-06-07,2936.281982,2938.444092,2923.501953,2936.044922
2016-06-08,2932.375977,2937.986084,2908.366943,2927.158936
2016-06-13,2897.272949,2911.157959,2832.50708,2833.071045
2016-06-14,2824.229004,2843.456055,2822.061035,2842.188965
2016-06-15,2814.693115,2894.263916,2811.781006,2887.209961
2016-06-16,2878.4021,2887.74292,2865.387939,2872.816895
2016-06-17,2873.009033,2900.299072,2872.185059,2885.10498
2016-06-20,2887.635986,2891.657959,2864.02002,2888.809082
2016-06-21,2898.384033,2919.302002,2869.176025,2878.558105
2016-06-22,2872.733887,2905.978027,2869.512939,2905.550049
2016-06-23,2902.397949,2904.112061,2878.660889,2891.959961
2016-06-24,2883.759033,2899.569092,2807.5979,2854.285889
2016-06-27,2840.559082,2895.730957,2840.2771,2895.702881
2016-06-28,2885.010986,2913.582031,2878.823975,2912.556885
2016-06-29,2918.533936,2933.99707,2915.062012,2931.592041
2016-06-30,2931.480957,2938.136963,2922.312012,2929.605957
2016-07-01,2931.802002,2944.989014,2925.810059,2932.476074
2016-07-04,2924.292969,2992.498047,2922.52002,2988.604004
2016-07-05,2991.751953,3010.274902,2990.64209,3006.39209
2016-07-06,2998.520996,3017.6521,2984.827881,3017.291992
2016-07-07,3009.353027,3024.108887,2994.643066,3016.846924
2016-07-08,3000.325928,3001.551025,2983.881104,2988.093994
2016-07-11,2993.749023,3022.944092,2990.906982,2994.916992
2016-07-12,2992.52002,3049.680908,2984.420898,3049.381104
2016-07-13,3049.512939,3069.047119,3048.198975,3060.688965
2016-07-14,3054.975098,3057.045898,3036.522949,3054.018066
2016-07-15,3056.681885,3062.683105,3044.538086,3054.295898
2016-07-18,3047.636963,3058.321045,3031.638916,3043.563965
2016-07-19,3040.226074,3043.600098,3014.289063,3036.5979
2016-07-20,3034.714111,3042.99707,3022.631104,3027.899902
2016-07-21,3027.604004,3053.333984,3027.36792,3039.009033
2016-07-22,3038.11792,3039.27002,3007.457031,3012.815918
2016-07-25,3008.093994,3027.123047,3003.291992,3015.827881
2016-07-26,3014.040039,3050.61499,3013.802002,3050.166016
2016-07-27,3050.36792,3057.424072,2939.227051,2991.999023
2016-07-28,2980.500977,3003.363037,2968.181885,2994.322998
2016-07-29,2992.535889,3000.054932,2972.916992,2979.339111
2016-08-01,2971.948975,2972.875,2931.962891,2953.38501
2016-08-02,2950.080078,2971.279053,2946.636963,2971.279053
2016-08-03,2963.215088,2981.156006,2956.785889,2978.460938
2016-08-04,2976.409912,2982.860107,2958.933105,2982.426025
2016-08-05,2978.778076,2991.677002,2971.563965,2976.696045
2016-08-08,2972.625,3004.718018,2959.048096,3004.2771
2016-08-09,3001.305908,3025.910889,2998.677002,3025.680908
2016-08-10,3023.471924,3033.196045,3017.090088,3018.746094
2016-08-11,3013.677979,3038.048096,3001.167969,3002.637939
2016-08-12,3000.272949,3051.053955,2999.039063,3050.666992
2016-08-15,3056.483887,3137.476074,3053.871094,3125.195068
2016-08-16,3130.532959,3140.440918,3102.064941,3110.037109
2016-08-17,3106.990967,3114.254883,3090.281006,3109.554932
2016-08-18,3107.75293,3125.581055,3093.316895,3104.114014
2016-08-19,3100.391113,3113.343994,3082.770996,3108.102051
2016-08-22,3107.381104,3112.73999,3083.593018,3084.804932
2016-08-23,3081.572021,3101.110107,3073.529053,3089.706055
2016-08-24,3092.02002,3097.147949,3079.548096,3085.879883
2016-08-25,3073.444092,3073.444092,3041.504883,3068.329102
2016-08-26,3069.850098,3087.6521,3063.894043,3070.309082
2016-08-29,3068.459961,3074.943115,3058.784912,3070.0271
2016-08-30,3071.439941,3082.988037,3065.970947,3074.677002
2016-08-31,3072.916016,3087.697998,3063.395996,3085.490967
2016-09-01,3083.960938,3088.704102,3062.875977,3063.304932
2016-09-02,3057.495117,3072.525879,3050.491943,3067.352051
2016-09-05,3070.707031,3085.485107,3065.329102,3072.094971
2016-09-06,3071.054932,3095.509033,3053.187012,3090.712891
2016-09-07,3091.329102,3105.677979,3087.878906,3091.927979
2016-09-08,3089.952881,3096.782959,3083.9021,3095.954102
2016-09-09,3095.427002,3101.791992,3078.218018,3078.85498
2016-09-12,3037.50708,3040.951904,2999.928955,3021.977051
2016-09-13,3025.034912,3029.720947,3008.740967,3023.51001
2016-09-14,3008.904053,3017.945068,2995.416016,3002.849121
2016-09-19,3005.322998,3026.650879,3005.322998,3026.051025
2016-09-20,3027.172119,3027.816895,3015.879883,3023
2016-09-21,3021.575928,3032.449951,3017.541016,3025.874023
2016-09-22,3038.422119,3054.435059,3035.070068,3042.312988
2016-09-23,3044.785889,3046.804932,3032.802002,3033.895996
2016-09-26,3028.24292,3028.24292,2980.116943,2980.429932
2016-09-27,2974.593018,2998.23291,2969.13208,2998.172119
2016-09-28,3000.695068,3000.695068,2984.321045,2987.85791
2016-09-29,2992.167969,3009.197998,2991.908936,2998.48291
2016-09-30,2994.250977,3009.195068,2993.062012,3004.702881
2016-10-10,3020.457031,3048.236084,3014.620117,3048.143066
2016-10-11,3051.62207,3066.104004,3048.018066,3065.25
2016-10-12,3057.315918,3060.513916,3048.887939,3058.498047
2016-10-13,3057.971924,3064.999023,3052.639893,3061.345947
2016-10-14,3056.99292,3064.790039,3043.184082,3063.809082
2016-10-17,3064.690918,3068.812012,3033.75293,3041.166016
2016-10-18,3037.404053,3084.187012,3037.404053,3083.875
2016-10-19,3085.749023,3096.2229,3076.770996,3084.718994
2016-10-20,3084.907959,3089.681885,3076.294922,3084.458008
2016-10-21,3081.388916,3101.849121,3069.26709,3090.940918
2016-10-24,3092.047119,3137.033936,3090.785889,3128.24707
2016-10-25,3127.968018,3132.504883,3121.050049,3131.938965
2016-10-26,3129.837891,3129.837891,3110.386963,3116.312012
2016-10-27,3112.603027,3114.759033,3100.39209,3112.350098
2016-10-28,3111.704102,3128.643066,3101.237061,3104.27002
2016-10-31,3097.187988,3102.302002,3081.072021,3100.491943
2016-11-01,3101.664063,3122.61499,3097.041992,3122.436035
2016-11-02,3115.729004,3118.977051,3099.820068,3102.73291
2016-11-03,3096.764893,3140.929932,3094.103027,3128.936035
2016-11-04,3126.349121,3141.333984,3119.534912,3125.316895
2016-11-07,3124.89209,3139.201904,3117.095947,3133.333008
2016-11-08,3140.944092,3156.881104,3134.955078,3147.887939
2016-11-09,3146.077881,3146.949951,3096.947021,3128.370117
2016-11-10,3148.543945,3172.309082,3148.543945,3171.281982
2016-11-11,3169.400879,3202.73999,3166.070068,3196.043945
2016-11-14,3187.708984,3221.458008,3186.795898,3210.371094
2016-11-15,3209.955078,3214.291992,3195.034912,3206.986084
2016-11-16,3208.49707,3210.893066,3195.410889,3205.056885
2016-11-17,3198.499023,3211.052979,3187.206055,3208.452881
2016-11-18,3207.193115,3212.394043,3187.496094,3192.855957
2016-11-21,3188.496094,3229.75708,3188.280029,3218.147949
2016-11-22,3220.98291,3249.677002,3220.98291,3248.352051
2016-11-23,3247.945068,3262.878906,3231.585938,3241.136963
2016-11-24,3237.427979,3257.856934,3232.868896,3241.736084
2016-11-25,3241.24292,3262.437988,3209.5979,3261.937988
2016-11-28,3270.047119,3288.336914,3267.674072,3277
2016-11-29,3269.233887,3301.212891,3263.396973,3282.924072
2016-11-30,3272.14209,3277.269043,3239.520996,3250.033936
2016-12-01,3257.0271,3279.670898,3256.256104,3273.309082
2016-12-02,3270.121094,3279.714111,3235.2771,3243.843018
2016-12-05,3203.783936,3219.518066,3194.878906,3204.708984
2016-12-06,3202.029053,3215.311035,3196.524902,3199.646973
2016-12-07,3198.475098,3222.427979,3189.485107,3222.241943
2016-12-08,3225.550049,3228.12207,3211.470947,3215.365967
2016-12-09,3209.340088,3244.801025,3207.042969,3232.883057
2016-12-12,3233.666016,3245.094971,3149.895996,3152.969971
2016-12-13,3138.988037,3162.496094,3118.711914,3155.037109
2016-12-14,3149.376953,3170.020996,3136.3479,3140.531006
2016-12-15,3125.75708,3138.779053,3100.913086,3117.677002
2016-12-16,3111.514893,3128.874023,3106.345947,3122.981934
2016-12-19,3120.696045,3125.283936,3110.082031,3118.084961
2016-12-20,3115.897949,3117.014893,3084.800049,3102.875977
2016-12-21,3107.23999,3140.250977,3107.23999,3137.429932
2016-12-22,3132.156006,3143.168945,3126.886963,3139.558105
2016-12-23,3134.928955,3138.404053,3103.748047,3110.154053
2016-12-26,3095.579102,3122.881104,3068.415039,3122.569092
2016-12-27,3117.386963,3127.883057,3113.745117,3114.664063
2016-12-28,3113.76709,3118.781982,3094.549072,3102.236084
2016-12-29,3095.844971,3111.799072,3087.343994,3096.096924
2016-12-30,3097.344971,3108.839111,3089.989014,3103.636963
2017-01-03,3105.309082,3136.456055,3105.309082,3135.920898
2017-01-04,3133.787109,3160.103027,3130.11499,3158.793945
2017-01-05,3157.906006,3168.501953,3154.281006,3165.410889
2017-01-06,3163.775879,3172.034912,3153.024902,3154.321045
2017-01-09,3148.531982,3173.135986,3147.735107,3171.236084
2017-01-10,3167.570068,3174.577881,3157.332031,3161.670898
2017-01-11,3156.686035,3167.029053,3136.26709,3136.753906
2017-01-12,3133.602051,3144.969971,3115.979004,3119.289063
2017-01-13,3116.083008,3130.514893,3102.163086,3112.763916
2017-01-16,3104.491943,3105.14209,3044.291016,3103.427979
2017-01-17,3087.030029,3108.906982,3072.337891,3108.774902
2017-01-18,3104.766113,3123.719971,3098.585938,3113.011963
2017-01-19,3104.971924,3115.778076,3094.006104,3101.299072
2017-01-20,3095.819092,3125.659912,3095.215088,3123.138916
2017-01-23,3125.420898,3145.841064,3125.420898,3136.774902
2017-01-24,3134.592041,3149.531006,3131.218018,3142.552979
2017-01-25,3137.645996,3151.471924,3133.190918,3149.554932
2017-01-26,3149.217041,3163.104004,3148.907959,3159.166016
2017-02-03,3160.082031,3162.677002,3136.012939,3140.169922
2017-02-06,3143.093018,3158.843018,3135.386963,3156.983887
2017-02-07,3154.405029,3159.543945,3140.035889,3153.087891
2017-02-08,3148.085938,3167.447021,3132.032959,3166.981934
2017-02-09,3164.687988,3186.837891,3162.573975,3183.178955
2017-02-10,3183.00708,3205.049072,3182.802002,3196.698975
2017-02-13,3198.995117,3219.406982,3198.995117,3216.839111
2017-02-14,3216.136963,3219.405029,3205.284912,3217.927979
2017-02-15,3215.464111,3235.998047,3206.561035,3212.986084
2017-02-16,3210.356934,3230.274902,3207.784912,3229.61792
2017-02-17,3227.707031,3238.395996,3199.425049,3202.075928
2017-02-20,3198.962891,3241.458008,3198.962891,3239.960938
2017-02-21,3242.2229,3254.335938,3239.87793,3253.325928
2017-02-22,3252.689941,3261.381104,3243.840088,3261.218018
2017-02-23,3258.832031,3264.082031,3236.35498,3251.375
2017-02-24,3246.860107,3253.956055,3233.534912,3253.433105
2017-02-27,3249.195068,3251.654053,3224.087891,3228.659912
2017-02-28,3225.968994,3242.678955,3225.968994,3241.73291
2017-03-01,3240.072998,3259.978027,3237.871094,3246.934082
2017-03-02,3250.518066,3256.806885,3228.665039,3230.028076
2017-03-03,3219.201904,3221.155029,3206.613037,3218.312012
2017-03-06,3217.334961,3234.663086,3215.066895,3233.865967
2017-03-07,3233.093994,3242.658936,3226.822021,3242.406006
2017-03-08,3240.531982,3245.303955,3230.60791,3240.665039
2017-03-09,3233.700928,3233.875,3205.279053,3216.746094
2017-03-10,3213.729004,3222.319092,3208.447021,3212.76001
2017-03-13,3209.448975,3237.121094,3193.156982,3237.023926
2017-03-14,3235.251953,3246.329102,3231.520996,3239.327881
2017-03-15,3235.403076,3243.712891,3227.738037,3241.76001
2017-03-16,3247.163086,3269.77002,3247.163086,3268.935059
2017-03-17,3271.866943,3274.189941,3232.281006,3237.447021
2017-03-20,3241.110107,3251.126953,3228.11792,3250.808105
2017-03-21,3250.24707,3262.220947,3246.696045,3261.611084
2017-03-22,3246.2229,3255.778076,3229.12793,3245.219971
2017-03-23,3245.808105,3262.091064,3221.934082,3248.550049
2017-03-24,3247.350098,3275.207031,3241.123047,3269.445068
2017-03-27,3268.924072,3283.239014,3262.11792,3266.955078
2017-03-28,3265.634033,3265.634033,3246.085938,3252.947998
2017-03-29,3252.86499,3262.0979,3233.280029,3241.313965
2017-03-30,3235.136963,3240.01709,3195.852051,3210.237061
2017-03-31,3206.25293,3226.248047,3205.537109,3222.513916
2017-04-05,3235.659912,3270.64502,3233.237061,3270.304932
2017-04-06,3272.193115,3286.674072,3265.764893,3281.004883
2017-04-07,3280.624023,3295.187012,3275.051025,3286.615967
2017-04-10,3285.458984,3285.458984,3265.011963,3269.393066
2017-04-11,3266.221924,3290.388916,3244.405029,3288.966064
2017-04-12,3283.836914,3284.934082,3262.2771,3273.830078
2017-04-13,3265.218018,3281.136963,3261.48999,3275.959961
2017-04-14,3276.137939,3276.710938,3238.895996,3244.48291
2017-04-17,3229.948975,3229.948975,3199.912109,3222.166992
2017-04-18,3215.395996,3225.054932,3196.488037,3196.712891
2017-04-19,3184.666016,3189.437012,3147.065918,3170.687012
2017-04-20,3165.665039,3178.183105,3148.184082,3172.100098
2017-04-21,3170.290039,3180.793945,3158.628906,3173.150879
2017-04-24,3164.248047,3164.248047,3111.215088,3129.531006
2017-04-25,3123.894043,3145.26709,3117.448975,3134.566895
2017-04-26,3132.917969,3152.952881,3131.417969,3140.846924
2017-04-27,3131.350098,3155.00293,3097.333008,3152.187012
2017-04-28,3144.021973,3154.727051,3136.577881,3154.657959
2017-05-02,3147.228027,3154.781006,3136.539063,3143.711914
2017-05-03,3138.306885,3148.285889,3123.750977,3135.345947
2017-05-04,3127.105957,3143.818115,3111.391113,3127.368896
2017-05-05,3114.773926,3117.614014,3092.092041,3103.038086
2017-05-08,3090.064941,3093.451904,3067.694092,3078.613037
2017-05-09,3064.8479,3084.208008,3056.558105,3080.5271
2017-05-10,3078.173096,3090.819092,3051.590088,3052.784912
2017-05-11,3036.789063,3063.563965,3016.531006,3061.5
2017-05-12,3054.112061,3090.490967,3051.871094,3083.512939
2017-05-15,3085.931885,3098.913086,3085.931885,3090.229004
2017-05-16,3082.87207,3113.511963,3060.533936,3112.964111
2017-05-17,3107.802002,3119.582031,3101.294922,3104.441895
2017-05-18,3082.329102,3103.440918,3077.962891,3090.138916
2017-05-19,3086.705078,3095.48291,3081.278076,3090.631104
2017-05-22,3087.170898,3103.937988,3063.153076,3075.676025
2017-05-23,3069.394043,3084.235107,3050.842041,3061.947021
2017-05-24,3047.568115,3064.812988,3022.302979,3064.075928
2017-05-25,3055.343018,3114.657959,3052.831055,3107.831055
2017-05-26,3101.285889,3120.663086,3100.387939,3110.059082
2017-05-31,3125.324951,3143.279053,3111.555908,3117.177979
2017-06-01,3108.420898,3113.520996,3097.678955,3102.623047
2017-06-02,3094.225098,3110.388916,3081.849121,3105.540039
2017-06-05,3102.110107,3105.506104,3084.830078,3091.656006
2017-06-06,3084.540039,3102.863037,3078.787109,3102.125977
2017-06-07,3101.760986,3140.773926,3098.950928,3140.324951
2017-06-08,3136.470947,3153.263916,3132.827881,3150.333984
2017-06-09,3147.452881,3165.919922,3146.10791,3158.399902
2017-06-12,3149.5271,3164.949951,3135.313965,3139.876953
2017-06-13,3134.009033,3155.98999,3131.042969,3153.74292
2017-06-14,3146.748047,3149.173096,3125.35498,3130.674072
2017-06-15,3125.586914,3137.584961,3117.083984,3132.486084
2017-06-16,3126.373047,3134.250977,3117.856934,3123.166016
2017-06-19,3122.157959,3146.77002,3121.779053,3144.374023
2017-06-20,3148.019043,3150.465088,3134.611084,3140.013916
2017-06-21,3148.986084,3157.028076,3132.616943,3156.211914
2017-06-22,3152.241943,3186.981934,3146.643066,3147.452881
2017-06-23,3138.444092,3158.047119,3118.094971,3157.873047
2017-06-26,3157.001953,3187.888916,3156.977051,3185.444092
2017-06-27,3183.419922,3193.460938,3172.462891,3191.197021
2017-06-28,3183.633057,3193.439941,3170.785889,3173.200928
2017-06-29,3174.980957,3188.773926,3174.283936,3188.062988
2017-06-30,3176.947998,3193.240967,3171.570068,3192.427002
2017-07-03,3191.998047,3196.285889,3177.023926,3195.912109
2017-07-04,3192.888916,3193.063965,3174.313965,3182.803955
2017-07-05,3179.217041,3207.310059,3174.708008,3207.134033
2017-07-06,3203.863037,3215.949951,3188.772949,3212.444092
2017-07-07,3203.822998,3219.522949,3195.291016,3217.957031
2017-07-10,3208.462891,3223.340088,3203.208984,3212.63208
2017-07-11,3201.51709,3226.907959,3199.224121,3203.038086
2017-07-12,3201.928955,3215.196045,3177.935059,3197.543945
2017-07-13,3192.362061,3219.268066,3190.339111,3218.163086
2017-07-14,3212.031982,3222.978027,3204.853027,3222.416992
2017-07-17,3219.791016,3230.354004,3139.503906,3176.465088
2017-07-18,3159.731934,3187.670898,3150.12793,3187.566895
2017-07-19,3181.4021,3232.940918,3179.72998,3230.976074
2017-07-20,3227.506104,3246.236084,3225.433105,3244.86499
